-- MySQL dump 10.13  Distrib 5.7.17, for macos10.12 (x86_64)
--
-- Host: 10.0.5.15    Database: simpledu
-- ------------------------------------------------------
-- Server version	5.6.38

/*!40101 SET @OLD_CHARACTER_SET_CLIENT=@@CHARACTER_SET_CLIENT */;
/*!40101 SET @OLD_CHARACTER_SET_RESULTS=@@CHARACTER_SET_RESULTS */;
/*!40101 SET @OLD_COLLATION_CONNECTION=@@COLLATION_CONNECTION */;
/*!40101 SET NAMES utf8 */;
/*!40103 SET @OLD_TIME_ZONE=@@TIME_ZONE */;
/*!40103 SET TIME_ZONE='+00:00' */;
/*!40014 SET @OLD_UNIQUE_CHECKS=@@UNIQUE_CHECKS, UNIQUE_CHECKS=0 */;
/*!40014 SET @OLD_FOREIGN_KEY_CHECKS=@@FOREIGN_KEY_CHECKS, FOREIGN_KEY_CHECKS=0 */;
/*!40101 SET @OLD_SQL_MODE=@@SQL_MODE, SQL_MODE='NO_AUTO_VALUE_ON_ZERO' */;
/*!40111 SET @OLD_SQL_NOTES=@@SQL_NOTES, SQL_NOTES=0 */;

--
-- Table structure for table `alembic_version`
--

DROP TABLE IF EXISTS `alembic_version`;
/*!40101 SET @saved_cs_client     = @@character_set_client */;
/*!40101 SET character_set_client = utf8 */;
CREATE TABLE `alembic_version` (
  `version_num` varchar(32) NOT NULL,
  PRIMARY KEY (`version_num`)
) ENGINE=InnoDB DEFAULT CHARSET=utf8;
/*!40101 SET character_set_client = @saved_cs_client */;

--
-- Dumping data for table `alembic_version`
--

LOCK TABLES `alembic_version` WRITE;
/*!40000 ALTER TABLE `alembic_version` DISABLE KEYS */;
INSERT INTO `alembic_version` VALUES ('530ecd73c152');
/*!40000 ALTER TABLE `alembic_version` ENABLE KEYS */;
UNLOCK TABLES;

--
-- Table structure for table `chapter`
--

DROP TABLE IF EXISTS `chapter`;
/*!40101 SET @saved_cs_client     = @@character_set_client */;
/*!40101 SET character_set_client = utf8 */;
CREATE TABLE `chapter` (
  `created_at` datetime DEFAULT NULL,
  `updated_at` datetime DEFAULT NULL,
  `id` int(11) NOT NULL AUTO_INCREMENT,
  `name` varchar(128) DEFAULT NULL,
  `description` varchar(256) DEFAULT NULL,
  `vedio_url` varchar(256) DEFAULT NULL,
  `vedio_duration` varchar(24) DEFAULT NULL,
  `course_id` int(11) DEFAULT NULL,
  PRIMARY KEY (`id`),
  UNIQUE KEY `ix_chapter_name` (`name`),
  KEY `course_id` (`course_id`),
  CONSTRAINT `chapter_ibfk_1` FOREIGN KEY (`course_id`) REFERENCES `course` (`id`) ON DELETE CASCADE
) ENGINE=InnoDB AUTO_INCREMENT=118 DEFAULT CHARSET=utf8;
/*!40101 SET character_set_client = @saved_cs_client */;

--
-- Dumping data for table `chapter`
--

LOCK TABLES `chapter` WRITE;
/*!40000 ALTER TABLE `chapter` DISABLE KEYS */;
INSERT INTO `chapter` VALUES ('2018-01-02 12:09:31','2018-01-02 12:09:31',1,'Friend challenge option anyone green image.',NULL,'https://labfile.oss.aliyuncs.com/courses/923/week2_mp4/2-1-1-mac.mp4','30:24',1),('2018-01-02 12:09:31','2018-01-02 12:09:31',2,'Necessary natural page center soon suggest present.',NULL,'https://labfile.oss.aliyuncs.com/courses/923/week2_mp4/2-1-1-mac.mp4','29:36',1),('2018-01-02 12:09:31','2018-01-02 12:09:31',3,'Early program certain important court never could sound.',NULL,'https://labfile.oss.aliyuncs.com/courses/923/week2_mp4/2-1-1-mac.mp4','13:27',1),('2018-01-02 12:09:31','2018-01-02 12:09:31',4,'Ask laugh organization can ask night book far.',NULL,'https://labfile.oss.aliyuncs.com/courses/923/week2_mp4/2-1-1-mac.mp4','16:52',1),('2018-01-02 12:09:31','2018-01-02 12:09:31',5,'Note population identify.',NULL,'https://labfile.oss.aliyuncs.com/courses/923/week2_mp4/2-1-1-mac.mp4','29:20',1),('2018-01-02 12:09:31','2018-01-02 12:09:31',6,'Her employee number rich use.',NULL,'https://labfile.oss.aliyuncs.com/courses/923/week2_mp4/2-1-1-mac.mp4','25:25',1),('2018-01-02 12:09:31','2018-01-02 12:09:31',7,'Instead create American start matter.',NULL,'https://labfile.oss.aliyuncs.com/courses/923/week2_mp4/2-1-1-mac.mp4','15:46',1),('2018-01-02 12:09:31','2018-01-02 12:09:31',8,'Address large shot bring girl really.',NULL,'https://labfile.oss.aliyuncs.com/courses/923/week2_mp4/2-1-1-mac.mp4','30:16',2),('2018-01-02 12:09:31','2018-01-02 12:09:31',9,'Thing because love party sit.',NULL,'https://labfile.oss.aliyuncs.com/courses/923/week2_mp4/2-1-1-mac.mp4','22:17',2),('2018-01-02 12:09:31','2018-01-02 12:09:31',10,'Majority career deal series once management parent.',NULL,'https://labfile.oss.aliyuncs.com/courses/923/week2_mp4/2-1-1-mac.mp4','20:33',2),('2018-01-02 12:09:31','2018-01-02 12:09:31',11,'Agree read teach stand.',NULL,'https://labfile.oss.aliyuncs.com/courses/923/week2_mp4/2-1-1-mac.mp4','10:18',3),('2018-01-02 12:09:31','2018-01-02 12:09:31',12,'Perhaps only who bring season I that.',NULL,'https://labfile.oss.aliyuncs.com/courses/923/week2_mp4/2-1-1-mac.mp4','15:28',3),('2018-01-02 12:09:31','2018-01-02 12:09:31',13,'Sea interesting speech happen statement benefit.',NULL,'https://labfile.oss.aliyuncs.com/courses/923/week2_mp4/2-1-1-mac.mp4','29:17',3),('2018-01-02 12:09:31','2018-01-02 12:09:31',14,'Heavy or fire party look performance.',NULL,'https://labfile.oss.aliyuncs.com/courses/923/week2_mp4/2-1-1-mac.mp4','18:25',4),('2018-01-02 12:09:31','2018-01-02 12:09:31',15,'Case true send recent sex college.',NULL,'https://labfile.oss.aliyuncs.com/courses/923/week2_mp4/2-1-1-mac.mp4','16:56',4),('2018-01-02 12:09:31','2018-01-02 12:09:31',16,'Bad art begin remove oh rule.',NULL,'https://labfile.oss.aliyuncs.com/courses/923/week2_mp4/2-1-1-mac.mp4','30:23',4),('2018-01-02 12:09:31','2018-01-02 12:09:31',17,'Military sport provide agreement within chair president economy.',NULL,'https://labfile.oss.aliyuncs.com/courses/923/week2_mp4/2-1-1-mac.mp4','28:33',4),('2018-01-02 12:09:31','2018-01-02 12:09:31',18,'Sense painting art seat outside.',NULL,'https://labfile.oss.aliyuncs.com/courses/923/week2_mp4/2-1-1-mac.mp4','15:21',4),('2018-01-02 12:09:31','2018-01-02 12:09:31',19,'Score cup ten throughout notice above price.',NULL,'https://labfile.oss.aliyuncs.com/courses/923/week2_mp4/2-1-1-mac.mp4','25:25',4),('2018-01-02 12:09:31','2018-01-02 12:09:31',20,'Sex effort lead start employee blue my.',NULL,'https://labfile.oss.aliyuncs.com/courses/923/week2_mp4/2-1-1-mac.mp4','15:48',4),('2018-01-02 12:09:31','2018-01-02 12:09:31',21,'Activity run fine task three food.',NULL,'https://labfile.oss.aliyuncs.com/courses/923/week2_mp4/2-1-1-mac.mp4','10:43',4),('2018-01-02 12:09:31','2018-01-02 12:09:31',22,'Energy sex likely number specific contain hand.',NULL,'https://labfile.oss.aliyuncs.com/courses/923/week2_mp4/2-1-1-mac.mp4','13:28',4),('2018-01-02 12:09:31','2018-01-02 12:09:31',23,'Hotel student pressure notice data situation.',NULL,'https://labfile.oss.aliyuncs.com/courses/923/week2_mp4/2-1-1-mac.mp4','21:16',5),('2018-01-02 12:09:31','2018-01-02 12:09:31',24,'Mission in whatever grow mind treatment.',NULL,'https://labfile.oss.aliyuncs.com/courses/923/week2_mp4/2-1-1-mac.mp4','12:21',5),('2018-01-02 12:09:31','2018-01-02 12:09:31',25,'Week agree write.',NULL,'https://labfile.oss.aliyuncs.com/courses/923/week2_mp4/2-1-1-mac.mp4','18:15',5),('2018-01-02 12:09:31','2018-01-02 12:09:31',26,'Agree camera look grow up.',NULL,'https://labfile.oss.aliyuncs.com/courses/923/week2_mp4/2-1-1-mac.mp4','15:34',5),('2018-01-02 12:09:31','2018-01-02 12:09:31',27,'Listen interest south.',NULL,'https://labfile.oss.aliyuncs.com/courses/923/week2_mp4/2-1-1-mac.mp4','22:11',6),('2018-01-02 12:09:31','2018-01-02 12:09:31',28,'Reveal system increase.',NULL,'https://labfile.oss.aliyuncs.com/courses/923/week2_mp4/2-1-1-mac.mp4','18:42',6),('2018-01-02 12:09:31','2018-01-02 12:09:31',29,'Top include free west somebody.',NULL,'https://labfile.oss.aliyuncs.com/courses/923/week2_mp4/2-1-1-mac.mp4','17:35',6),('2018-01-02 12:09:31','2018-01-02 12:09:31',30,'Change example scientist whole food walk piece.',NULL,'https://labfile.oss.aliyuncs.com/courses/923/week2_mp4/2-1-1-mac.mp4','21:26',7),('2018-01-02 12:09:31','2018-01-02 12:09:31',31,'Sort foot wonder threat.',NULL,'https://labfile.oss.aliyuncs.com/courses/923/week2_mp4/2-1-1-mac.mp4','18:21',7),('2018-01-02 12:09:31','2018-01-02 12:09:31',32,'About dark religious civil appear not upon.',NULL,'https://labfile.oss.aliyuncs.com/courses/923/week2_mp4/2-1-1-mac.mp4','17:54',7),('2018-01-02 12:09:31','2018-01-02 12:09:31',33,'Least before throw police exist away sell.',NULL,'https://labfile.oss.aliyuncs.com/courses/923/week2_mp4/2-1-1-mac.mp4','12:24',7),('2018-01-02 12:09:31','2018-01-02 12:09:31',34,'According catch recognize interview choice by.',NULL,'https://labfile.oss.aliyuncs.com/courses/923/week2_mp4/2-1-1-mac.mp4','10:41',7),('2018-01-02 12:09:31','2018-01-02 12:09:31',35,'Company vote use community five most.',NULL,'https://labfile.oss.aliyuncs.com/courses/923/week2_mp4/2-1-1-mac.mp4','16:28',7),('2018-01-02 12:09:31','2018-01-02 12:09:31',36,'However until we too condition suddenly a sound.',NULL,'https://labfile.oss.aliyuncs.com/courses/923/week2_mp4/2-1-1-mac.mp4','17:50',7),('2018-01-02 12:09:31','2018-01-02 12:09:31',37,'Toward southern let office.',NULL,'https://labfile.oss.aliyuncs.com/courses/923/week2_mp4/2-1-1-mac.mp4','17:26',7),('2018-01-02 12:09:31','2018-01-02 12:09:31',38,'Wrong marriage feeling they number policy.',NULL,'https://labfile.oss.aliyuncs.com/courses/923/week2_mp4/2-1-1-mac.mp4','30:34',7),('2018-01-02 12:09:31','2018-01-02 12:09:31',39,'Officer show for too couple many.',NULL,'https://labfile.oss.aliyuncs.com/courses/923/week2_mp4/2-1-1-mac.mp4','11:44',7),('2018-01-02 12:09:32','2018-01-02 12:09:32',40,'Artist much air bed instead start machine.',NULL,'https://labfile.oss.aliyuncs.com/courses/923/week2_mp4/2-1-1-mac.mp4','26:47',8),('2018-01-02 12:09:32','2018-01-02 12:09:32',41,'Time game another period hour.',NULL,'https://labfile.oss.aliyuncs.com/courses/923/week2_mp4/2-1-1-mac.mp4','30:17',8),('2018-01-02 12:09:32','2018-01-02 12:09:32',42,'Culture against lot thus disease huge almost not.',NULL,'https://labfile.oss.aliyuncs.com/courses/923/week2_mp4/2-1-1-mac.mp4','15:33',8),('2018-01-02 12:09:32','2018-01-02 12:09:32',43,'Senior key hand magazine.',NULL,'https://labfile.oss.aliyuncs.com/courses/923/week2_mp4/2-1-1-mac.mp4','25:44',8),('2018-01-02 12:09:32','2018-01-02 12:09:32',44,'Of city violence instead training.',NULL,'https://labfile.oss.aliyuncs.com/courses/923/week2_mp4/2-1-1-mac.mp4','28:22',8),('2018-01-02 12:09:32','2018-01-02 12:09:32',45,'Close modern participant three.',NULL,'https://labfile.oss.aliyuncs.com/courses/923/week2_mp4/2-1-1-mac.mp4','19:42',9),('2018-01-02 12:09:32','2018-01-02 12:09:32',46,'Sing person explain.',NULL,'https://labfile.oss.aliyuncs.com/courses/923/week2_mp4/2-1-1-mac.mp4','16:58',9),('2018-01-02 12:09:32','2018-01-02 12:09:32',47,'General base mouth hear various able.',NULL,'https://labfile.oss.aliyuncs.com/courses/923/week2_mp4/2-1-1-mac.mp4','30:14',9),('2018-01-02 12:09:32','2018-01-02 12:09:32',48,'Hand sport include.',NULL,'https://labfile.oss.aliyuncs.com/courses/923/week2_mp4/2-1-1-mac.mp4','25:14',9),('2018-01-02 12:09:32','2018-01-02 12:09:32',49,'Consider drug spring carry since according.',NULL,'https://labfile.oss.aliyuncs.com/courses/923/week2_mp4/2-1-1-mac.mp4','21:32',10),('2018-01-02 12:09:32','2018-01-02 12:09:32',50,'Four rather teach red.',NULL,'https://labfile.oss.aliyuncs.com/courses/923/week2_mp4/2-1-1-mac.mp4','21:39',10),('2018-01-02 12:09:32','2018-01-02 12:09:32',51,'Pull common claim difference far energy reveal private.',NULL,'https://labfile.oss.aliyuncs.com/courses/923/week2_mp4/2-1-1-mac.mp4','16:53',10),('2018-01-02 12:09:32','2018-01-02 12:09:32',52,'Those quite kill woman.',NULL,'https://labfile.oss.aliyuncs.com/courses/923/week2_mp4/2-1-1-mac.mp4','10:39',10),('2018-01-02 12:09:32','2018-01-02 12:09:32',53,'Manage establish I space.',NULL,'https://labfile.oss.aliyuncs.com/courses/923/week2_mp4/2-1-1-mac.mp4','14:52',11),('2018-01-02 12:09:32','2018-01-02 12:09:32',54,'Standard me eye hour.',NULL,'https://labfile.oss.aliyuncs.com/courses/923/week2_mp4/2-1-1-mac.mp4','20:43',11),('2018-01-02 12:09:32','2018-01-02 12:09:32',55,'Contain recently explain fight trouble to.',NULL,'https://labfile.oss.aliyuncs.com/courses/923/week2_mp4/2-1-1-mac.mp4','20:17',11),('2018-01-02 12:09:32','2018-01-02 12:09:32',56,'Bad environmental describe east ok loss people.',NULL,'https://labfile.oss.aliyuncs.com/courses/923/week2_mp4/2-1-1-mac.mp4','28:19',11),('2018-01-02 12:09:32','2018-01-02 12:09:32',57,'Crime sound century democratic according.',NULL,'https://labfile.oss.aliyuncs.com/courses/923/week2_mp4/2-1-1-mac.mp4','22:35',11),('2018-01-02 12:09:32','2018-01-02 12:09:32',58,'Exactly future audience tax community remain.',NULL,'https://labfile.oss.aliyuncs.com/courses/923/week2_mp4/2-1-1-mac.mp4','15:59',11),('2018-01-02 12:09:32','2018-01-02 12:09:32',59,'Senior that make entire require.',NULL,'https://labfile.oss.aliyuncs.com/courses/923/week2_mp4/2-1-1-mac.mp4','11:28',11),('2018-01-02 12:09:32','2018-01-02 12:09:32',60,'Position carry let rate break.',NULL,'https://labfile.oss.aliyuncs.com/courses/923/week2_mp4/2-1-1-mac.mp4','15:15',11),('2018-01-02 12:09:32','2018-01-02 12:09:32',61,'Compare people herself region act well.',NULL,'https://labfile.oss.aliyuncs.com/courses/923/week2_mp4/2-1-1-mac.mp4','20:57',12),('2018-01-02 12:09:32','2018-01-02 12:09:32',62,'Senior hold sister often leave point suggest special.',NULL,'https://labfile.oss.aliyuncs.com/courses/923/week2_mp4/2-1-1-mac.mp4','19:24',12),('2018-01-02 12:09:32','2018-01-02 12:09:32',63,'Establish expect shoot garden leave style water.',NULL,'https://labfile.oss.aliyuncs.com/courses/923/week2_mp4/2-1-1-mac.mp4','10:10',12),('2018-01-02 12:09:32','2018-01-02 12:09:32',64,'Find less they during source deep realize problem.',NULL,'https://labfile.oss.aliyuncs.com/courses/923/week2_mp4/2-1-1-mac.mp4','24:40',12),('2018-01-02 12:09:32','2018-01-02 12:09:32',65,'Career treatment debate well.',NULL,'https://labfile.oss.aliyuncs.com/courses/923/week2_mp4/2-1-1-mac.mp4','28:14',12),('2018-01-02 12:09:32','2018-01-02 12:09:32',66,'Hear near seat rock computer far stay.',NULL,'https://labfile.oss.aliyuncs.com/courses/923/week2_mp4/2-1-1-mac.mp4','29:35',13),('2018-01-02 12:09:32','2018-01-02 12:09:32',67,'Stop forward victim worker agree clearly reflect.',NULL,'https://labfile.oss.aliyuncs.com/courses/923/week2_mp4/2-1-1-mac.mp4','29:20',13),('2018-01-02 12:09:32','2018-01-02 12:09:32',68,'Organization sound be.',NULL,'https://labfile.oss.aliyuncs.com/courses/923/week2_mp4/2-1-1-mac.mp4','20:41',13),('2018-01-02 12:09:32','2018-01-02 12:09:32',69,'Stand site part government.',NULL,'https://labfile.oss.aliyuncs.com/courses/923/week2_mp4/2-1-1-mac.mp4','27:24',13),('2018-01-02 12:09:32','2018-01-02 12:09:32',70,'Baby collection phone.',NULL,'https://labfile.oss.aliyuncs.com/courses/923/week2_mp4/2-1-1-mac.mp4','15:52',13),('2018-01-02 12:09:32','2018-01-02 12:09:32',71,'Lose particular improve strategy magazine.',NULL,'https://labfile.oss.aliyuncs.com/courses/923/week2_mp4/2-1-1-mac.mp4','11:23',13),('2018-01-02 12:09:32','2018-01-02 12:09:32',72,'Interesting light identify lose.',NULL,'https://labfile.oss.aliyuncs.com/courses/923/week2_mp4/2-1-1-mac.mp4','18:33',14),('2018-01-02 12:09:32','2018-01-02 12:09:32',73,'More style military lawyer.',NULL,'https://labfile.oss.aliyuncs.com/courses/923/week2_mp4/2-1-1-mac.mp4','21:40',14),('2018-01-02 12:09:32','2018-01-02 12:09:32',74,'Process nothing until test.',NULL,'https://labfile.oss.aliyuncs.com/courses/923/week2_mp4/2-1-1-mac.mp4','29:55',14),('2018-01-02 12:09:32','2018-01-02 12:09:32',75,'Keep oil hang public rich.',NULL,'https://labfile.oss.aliyuncs.com/courses/923/week2_mp4/2-1-1-mac.mp4','29:44',14),('2018-01-02 12:09:32','2018-01-02 12:09:32',76,'Either head approach customer evening fund.',NULL,'https://labfile.oss.aliyuncs.com/courses/923/week2_mp4/2-1-1-mac.mp4','13:20',15),('2018-01-02 12:09:32','2018-01-02 12:09:32',77,'Pain within bit candidate.',NULL,'https://labfile.oss.aliyuncs.com/courses/923/week2_mp4/2-1-1-mac.mp4','13:47',15),('2018-01-02 12:09:32','2018-01-02 12:09:32',78,'Subject interview listen whole enter let.',NULL,'https://labfile.oss.aliyuncs.com/courses/923/week2_mp4/2-1-1-mac.mp4','19:39',15),('2018-01-02 12:09:32','2018-01-02 12:09:32',79,'Growth music another act fish almost center.',NULL,'https://labfile.oss.aliyuncs.com/courses/923/week2_mp4/2-1-1-mac.mp4','24:14',15),('2018-01-02 12:09:32','2018-01-02 12:09:32',80,'Everyone hospital threat everyone father avoid.',NULL,'https://labfile.oss.aliyuncs.com/courses/923/week2_mp4/2-1-1-mac.mp4','28:40',15),('2018-01-02 12:09:32','2018-01-02 12:09:32',81,'Drive final around fear.',NULL,'https://labfile.oss.aliyuncs.com/courses/923/week2_mp4/2-1-1-mac.mp4','20:59',15),('2018-01-02 12:09:32','2018-01-02 12:09:32',82,'Nearly career determine court something everything.',NULL,'https://labfile.oss.aliyuncs.com/courses/923/week2_mp4/2-1-1-mac.mp4','12:36',16),('2018-01-02 12:09:32','2018-01-02 12:09:32',83,'Another good outside perform once.',NULL,'https://labfile.oss.aliyuncs.com/courses/923/week2_mp4/2-1-1-mac.mp4','24:56',16),('2018-01-02 12:09:32','2018-01-02 12:09:32',84,'Wish represent down store ten.',NULL,'https://labfile.oss.aliyuncs.com/courses/923/week2_mp4/2-1-1-mac.mp4','29:46',16),('2018-01-02 12:09:32','2018-01-02 12:09:32',85,'Operation individual democratic enough.',NULL,'https://labfile.oss.aliyuncs.com/courses/923/week2_mp4/2-1-1-mac.mp4','12:22',16),('2018-01-02 12:09:32','2018-01-02 12:09:32',86,'Need once hope certainly way and lay.',NULL,'https://labfile.oss.aliyuncs.com/courses/923/week2_mp4/2-1-1-mac.mp4','22:33',17),('2018-01-02 12:09:32','2018-01-02 12:09:32',87,'Fact power test world itself thank on discover.',NULL,'https://labfile.oss.aliyuncs.com/courses/923/week2_mp4/2-1-1-mac.mp4','10:40',17),('2018-01-02 12:09:32','2018-01-02 12:09:32',88,'Effect scientist religious main instead available.',NULL,'https://labfile.oss.aliyuncs.com/courses/923/week2_mp4/2-1-1-mac.mp4','12:56',17),('2018-01-02 12:09:32','2018-01-02 12:09:32',89,'Student gun sister.',NULL,'https://labfile.oss.aliyuncs.com/courses/923/week2_mp4/2-1-1-mac.mp4','20:18',17),('2018-01-02 12:09:32','2018-01-02 12:09:32',90,'Start tree little size establish.',NULL,'https://labfile.oss.aliyuncs.com/courses/923/week2_mp4/2-1-1-mac.mp4','27:58',17),('2018-01-02 12:09:32','2018-01-02 12:09:32',91,'Year white prevent fact disease do.',NULL,'https://labfile.oss.aliyuncs.com/courses/923/week2_mp4/2-1-1-mac.mp4','30:20',17),('2018-01-02 12:09:32','2018-01-02 12:09:32',92,'Security food training long significant.',NULL,'https://labfile.oss.aliyuncs.com/courses/923/week2_mp4/2-1-1-mac.mp4','24:37',17),('2018-01-02 12:09:32','2018-01-02 12:09:32',93,'Agree social notice seek.',NULL,'https://labfile.oss.aliyuncs.com/courses/923/week2_mp4/2-1-1-mac.mp4','27:31',17),('2018-01-02 12:09:32','2018-01-02 12:09:32',94,'Couple prevent instead marriage method.',NULL,'https://labfile.oss.aliyuncs.com/courses/923/week2_mp4/2-1-1-mac.mp4','25:50',18),('2018-01-02 12:09:32','2018-01-02 12:09:32',95,'Computer man training cut.',NULL,'https://labfile.oss.aliyuncs.com/courses/923/week2_mp4/2-1-1-mac.mp4','16:43',18),('2018-01-02 12:09:32','2018-01-02 12:09:32',96,'Alone learn air problem.',NULL,'https://labfile.oss.aliyuncs.com/courses/923/week2_mp4/2-1-1-mac.mp4','21:11',18),('2018-01-02 12:09:32','2018-01-02 12:09:32',97,'Media cold TV campaign third edge.',NULL,'https://labfile.oss.aliyuncs.com/courses/923/week2_mp4/2-1-1-mac.mp4','26:43',18),('2018-01-02 12:09:32','2018-01-02 12:09:32',98,'White imagine fill thus.',NULL,'https://labfile.oss.aliyuncs.com/courses/923/week2_mp4/2-1-1-mac.mp4','20:42',18),('2018-01-02 12:09:32','2018-01-02 12:09:32',99,'Pay period act wide this hospital charge.',NULL,'https://labfile.oss.aliyuncs.com/courses/923/week2_mp4/2-1-1-mac.mp4','18:56',18),('2018-01-02 12:09:32','2018-01-02 12:09:32',100,'Charge main purpose trial enjoy.',NULL,'https://labfile.oss.aliyuncs.com/courses/923/week2_mp4/2-1-1-mac.mp4','23:45',18),('2018-01-02 12:09:32','2018-01-02 12:09:32',101,'Us training son necessary decade.',NULL,'https://labfile.oss.aliyuncs.com/courses/923/week2_mp4/2-1-1-mac.mp4','17:53',19),('2018-01-02 12:09:32','2018-01-02 12:09:32',102,'Worker it form turn.',NULL,'https://labfile.oss.aliyuncs.com/courses/923/week2_mp4/2-1-1-mac.mp4','15:33',19),('2018-01-02 12:09:32','2018-01-02 12:09:32',103,'Spring book enjoy garden laugh evening.',NULL,'https://labfile.oss.aliyuncs.com/courses/923/week2_mp4/2-1-1-mac.mp4','22:29',19),('2018-01-02 12:09:32','2018-01-02 12:09:32',104,'Those research situation store job likely.',NULL,'https://labfile.oss.aliyuncs.com/courses/923/week2_mp4/2-1-1-mac.mp4','30:32',19),('2018-01-02 12:09:32','2018-01-02 12:09:32',105,'Whether food together natural class.',NULL,'https://labfile.oss.aliyuncs.com/courses/923/week2_mp4/2-1-1-mac.mp4','30:52',19),('2018-01-02 12:09:32','2018-01-02 12:09:32',106,'Source threat attorney second.',NULL,'https://labfile.oss.aliyuncs.com/courses/923/week2_mp4/2-1-1-mac.mp4','27:42',19),('2018-01-02 12:09:32','2018-01-02 12:09:32',107,'Trial eye structure alone car director but.',NULL,'https://labfile.oss.aliyuncs.com/courses/923/week2_mp4/2-1-1-mac.mp4','15:35',19),('2018-01-02 12:09:32','2018-01-02 12:09:32',108,'Idea establish surface try student set certainly.',NULL,'https://labfile.oss.aliyuncs.com/courses/923/week2_mp4/2-1-1-mac.mp4','23:49',19),('2018-01-02 12:09:32','2018-01-02 12:09:32',109,'Within beat difference police rise occur.',NULL,'https://labfile.oss.aliyuncs.com/courses/923/week2_mp4/2-1-1-mac.mp4','26:31',20),('2018-01-02 12:09:32','2018-01-02 12:09:32',110,'Economic green face late tax receive wrong official.',NULL,'https://labfile.oss.aliyuncs.com/courses/923/week2_mp4/2-1-1-mac.mp4','17:35',20),('2018-01-02 12:09:32','2018-01-02 12:09:32',111,'Magazine success up central brother according weight amount.',NULL,'https://labfile.oss.aliyuncs.com/courses/923/week2_mp4/2-1-1-mac.mp4','13:38',20),('2018-01-02 12:09:32','2018-01-02 12:09:32',112,'Soon off stock least trade challenge medical.',NULL,'https://labfile.oss.aliyuncs.com/courses/923/week2_mp4/2-1-1-mac.mp4','28:31',20),('2018-01-02 12:09:32','2018-01-02 12:09:32',113,'Energy research oh notice strategy arrive.',NULL,'https://labfile.oss.aliyuncs.com/courses/923/week2_mp4/2-1-1-mac.mp4','22:27',20),('2018-01-02 12:09:32','2018-01-02 12:09:32',114,'This dream her week.',NULL,'https://labfile.oss.aliyuncs.com/courses/923/week2_mp4/2-1-1-mac.mp4','12:49',20),('2018-01-02 12:09:32','2018-01-02 12:09:32',115,'Stop ahead left.',NULL,'https://labfile.oss.aliyuncs.com/courses/923/week2_mp4/2-1-1-mac.mp4','22:27',20),('2018-01-02 12:09:32','2018-01-02 12:09:32',116,'Range reason nor bag growth.',NULL,'https://labfile.oss.aliyuncs.com/courses/923/week2_mp4/2-1-1-mac.mp4','27:12',20),('2018-01-02 12:09:32','2018-01-02 12:09:32',117,'Itself score national world.',NULL,'https://labfile.oss.aliyuncs.com/courses/923/week2_mp4/2-1-1-mac.mp4','23:52',20);
/*!40000 ALTER TABLE `chapter` ENABLE KEYS */;
UNLOCK TABLES;

--
-- Table structure for table `course`
--

DROP TABLE IF EXISTS `course`;
/*!40101 SET @saved_cs_client     = @@character_set_client */;
/*!40101 SET character_set_client = utf8 */;
CREATE TABLE `course` (
  `created_at` datetime DEFAULT NULL,
  `updated_at` datetime DEFAULT NULL,
  `id` int(11) NOT NULL AUTO_INCREMENT,
  `name` varchar(128) NOT NULL,
  `author_id` int(11) DEFAULT NULL,
  `description` varchar(256) DEFAULT NULL,
  `image_url` varchar(256) DEFAULT NULL,
  PRIMARY KEY (`id`),
  UNIQUE KEY `ix_course_name` (`name`),
  KEY `author_id` (`author_id`),
  CONSTRAINT `course_ibfk_1` FOREIGN KEY (`author_id`) REFERENCES `user` (`id`) ON DELETE SET NULL
) ENGINE=InnoDB AUTO_INCREMENT=21 DEFAULT CHARSET=utf8;
/*!40101 SET character_set_client = @saved_cs_client */;

--
-- Dumping data for table `course`
--

LOCK TABLES `course` WRITE;
/*!40000 ALTER TABLE `course` DISABLE KEYS */;
INSERT INTO `course` VALUES ('2018-01-02 12:09:31','2018-01-02 12:09:31',1,'区块链：构建自己的加密货币',3,'本训练营以“构建自己的加密货币”为练习项目，选择非常主流的Ethereum（以太坊）作为区块链开发平台。让大家在不依赖框架的情况下，手动操作编译、部署等过程，更有利于理解开发流程及模块间交互。在完成项目的过程中，循序渐进地掌握区块链开发技能。','https://dn-simplecloud.shiyanlou.com/1507600436048.png'),('2018-01-02 12:09:31','2018-01-02 12:09:31',2,'使用 Python 实现一个轻量型数据库',3,'本训练为使用 Python 实战开发一个轻量型数据库，从数据库需求分析，架构设计，到模块化各个功能，依次实现最终组合成一个数据库。功能模块包括数据库调度核心引擎模块，数据库模块，数据表模块，数据表字段模块，数据键值约束功能，执行条件模块，异常处理模块，SQL 语法解析模块，并且实现了类似 MySQL 的命令行交互，可脱离代码直接使用 SQL 结构化查询语句进行使用。','https://dn-simplecloud.shiyanlou.com/1509699295739.png'),('2018-01-02 12:09:31','2018-01-02 12:09:31',3,'Python 数据分析入门与进阶',3,'在本训练营中，我们将学习怎么样使用 Python 进行数据分析。课程将从数据分析基础开始，一步步深入讲解。从 Python 的基础用法到数据分析的各种算法，并结合各种实例，讲解数据分析过程中的方方面面。','https://dn-simplecloud.shiyanlou.com/1500540246877.png'),('2018-01-02 12:09:31','2018-01-02 12:09:31',4,'kafka代码实战--让你全面学习Kafka',3,'本训练营目标是以Java代码实战的方式学习Kafka。包括Kafka的安装配置、Producer API的使用、Consumer API的使用以及与第三方框架(Flume、Spark Streaming)的集成开发。对在大数据项目中经常用到的Kafka关键知识点，进行全方位、源代码级别的学习，使学员深入理解Kafka的内部机制。','https://dn-simplecloud.shiyanlou.com/1501141776189.png'),('2018-01-02 12:09:31','2018-01-02 12:09:31',5,'通过代码审计学习Web安全',3,'本训练营将分为四个部分，第一部分介绍了代码审计思路以及几个比较基础的Web漏洞审计实例，比如Sql注入、XSS、CSRF。第二部份更进一步介绍了Web相关漏洞，比如文件类的Web漏洞。第三部分介绍一些比较深入的Web漏洞，比如会话认证漏洞。第四部则介绍了代码审计工具的使用以及对课程的总结。','https://dn-simplecloud.shiyanlou.com/1505193911140.png'),('2018-01-02 12:09:31','2018-01-02 12:09:31',6,'Vue.js实现富文本编辑器',3,'本训练营项目是使用Vue.js实现一个简易的富文本编辑器应用。通过本项目的实战学习，你将获得以下技能：Vue.js框架进阶学习，数据绑定操作，组件式开发。','https://dn-simplecloud.shiyanlou.com/1501207033286.png'),('2018-01-02 12:09:31','2018-01-02 12:09:31',7,'Flask + VueJS 全栈 Web 开发实战',3,'本训练营主要使用 Python 的 Flask 框架和 VueJS，通过两个实战项目留言板项目和论坛应用的练习，让大家掌握 Flask + VueJS 进行 Web 开发的能力。','https://dn-simplecloud.shiyanlou.com/1499681253191.png'),('2018-01-02 12:09:31','2018-01-02 12:09:31',8,'Python 实现轻量级 Web 框架',3,'本训练营目标是使用 Python 实现一个 Web 框架，涉及一个 Web 框架 的必备模块的设计到实现，包含 数据库模块，会话模块，异常处理模块，WSGI 模块，模版引擎模块，路由模块，视图模块，辅助模块。最后再使用实现的框架开发一个 Web 应用程序来加深对 Web 框架 的理解和使用 Web 框架的开发流程。','https://dn-simplecloud.shiyanlou.com/1500460827398.png'),('2018-01-02 12:09:31','2018-01-02 12:09:31',9,'Vue.js+Koa.js+MongoDB打造“什么值得买”网站',3,'本训练营使用 Vue.js+Koa.js+MongoDB 实现一个类似于“什么值得买”的网站。前端页面使用 Vue.js 实现，主要学习 Vue.js 技术栈的使用，主要使用 vue+vue-router+vuex 等技术。服务器端使用 Node.js 实现的一个 web 框架 Koa.js，主要学习基于 Koa.js 的 Web 开发。同时使用 MongoDB 做数据存储。实现的功能模块主要有：用户管理、商品分类管理、商品标签管理、商品管理等。','https://dn-simplecloud.shiyanlou.com/1500536107318.png'),('2018-01-02 12:09:31','2018-01-02 12:09:31',10,'React+Express+MongoDB 实现网易云音乐',3,'本训练营目标是使用 React 实现一个 网易云音乐，涉及一个 React 的完整项目设计到实现，包含 前端界面模块，Node模块，MongoDB模块，前端界面模块包含React组件开发，React-Router路由配置，Redux状态管理。通过一个涉及前端+后端的完整项目经历深入了解项目流程，同时锻炼对React全家桶的熟练度。','https://dn-simplecloud.shiyanlou.com/1500519319376.png'),('2018-01-02 12:09:31','2018-01-02 12:09:31',11,'Go语言开发在线商城',3,'本训练营主要使用 GO 语言的 Beego 框架和前端 React 框架打造一个在线商城。主要将实现用户的登录认证、购物车、商品秒杀、信息推送、评论与点赞等功能模块。课程从搭建一个简单可用的例子开始，逐步实现各个功能模块，让你体会到一个在线商城的完整开发过程。','https://dn-simplecloud.shiyanlou.com/1500528340856.png'),('2018-01-02 12:09:31','2018-01-02 12:09:31',12,'Python网络爬虫实战--Scrapy框架学习',3,'本训练营将通过13个体系化的实验内容，带领同学们从零基础逐步入门爬虫，教会大家如何使用Scrapy框架编写网络爬虫。课程安排上先通过一个简单的爬虫项目，让大家直观的看到爬取的结果数据。结合运行结果对爬虫的结构以及Scrapy的运行规则进行剖析。最后通过两个实战项目爬取实验楼课程信息和爬取电影网站信息，手把手教会大家如何使用Scrapy框架编写网络爬虫。','https://dn-simplecloud.shiyanlou.com/1490341573313.png?imageView2/0/h/300'),('2018-01-02 12:09:31','2018-01-02 12:09:31',13,'Spark 大数据动手实验',3,'15个实验带你亲身体验Spark大数据分析的魅力，最快的上手教程，最新的技术领域，最多的动手实践。15个实验已全部上线。','https://dn-simplecloud.shiyanlou.com/1478483990914.png'),('2018-01-02 12:09:31','2018-01-02 12:09:31',14,'动手实战学Docker',3,'15个实验+54个视频带你体验Docker容器技术魅力，最快的上手教程，最新的技术领域，最多的动手实践。在线实验学习Docker，DockerFile，Compose，Swarm，Kubernate等技术。','https://dn-simplecloud.shiyanlou.com/1478484028300.png'),('2018-01-02 12:09:31','2018-01-02 12:09:31',15,'由浅入深学网络',3,'使用GNS3仿真模拟工具由浅入深的学习网络技术，通过16个精心设计的实验内容，让你在动手实践的过程中逐步掌握交换与路由的 VLAN、STP、OSPF、DMVPN 等技术，最终让你能够独立实现一个中大型网络规划。','https://dn-simplecloud.shiyanlou.com/1477036012629.png'),('2018-01-02 12:09:31','2018-01-02 12:09:31',16,'Kali 渗透测试 - 服务器攻击实战（20个实验）',3,'实验楼携手信息安全工程师共同制作20个服务器攻击实验，带你体验 Kali 系统渗透测试的魅力。完成本课你将实践Kali中的Nmap，Metasploit，NeXpose，Nmap，Nessus等安全工具对具有漏洞的靶机进行扫描和攻击。','https://dn-simplecloud.shiyanlou.com/1479431224297.png'),('2018-01-02 12:09:31','2018-01-02 12:09:31',17,'Kali 渗透测试 - Web应用攻击实战（20个实验）',3,'实验楼携手信息安全工程师共同制作20个服务器攻击实验，带你体验 Kali 系统渗透测试的魅力。完成本课你将实践跨站脚本XSS，SQL注入，文件包含等方式对有漏洞的 Web 服务进行攻击。','https://dn-simplecloud.shiyanlou.com/1480389165511.png'),('2018-01-02 12:09:31','2018-01-02 12:09:31',18,'Kali 渗透测试 - 后门技术实战（10个实验）',3,'实验楼携手信息安全工程师共同制作10个后门技术实验，带你体验 Kali 系统渗透测试的魅力。完成本课你将实践渗透成功后的维持访问的方法，其中有专门的实验讲解木马制作及对后门木马的源码分析。','https://dn-simplecloud.shiyanlou.com/1480389303324.png'),('2018-01-02 12:09:31','2018-01-02 12:09:31',19,'Laravel 项目实战：仿新浪微博Web应用',3,'本课程将在实验楼环境中实现完整的仿新浪微博的项目，学习使用 PHP 最热的 Web 框架 Laravel 构建应用。在项目实战中，入门并掌握 Laravel 的基本用法，学习 HTML、CSS、JavaScript、PHP 和 Bootstrap 等知识，同时实践 Git 工作流、Gulp 前端工作流等开发方法。','https://dn-simplecloud.shiyanlou.com/1487669073080.png?imageView2/0/h/300'),('2018-01-02 12:09:31','2018-01-02 12:09:31',20,'【训练营】深度学习初探——入门DL主流框架',3,'本课程将通过8个实验，带领同学们入门TensorFlow、Theano、Keras 及 Caffe 几个主流的深度学习框架，通过项目实践使同学了解如何利用这些框架搭建自己的深度学习神经网络。课程将基于每个框架的官方文档，先带大家熟悉框架中基本的定义语法及常用函数（可看成 深度模型的小零件），并在每个实验内容的最后都会综合这些零件搭建一个简易的神经深度网络模型。十分适合具有一定python编程基础，对人工智能、深度学习感兴趣的同学。','https://dn-simplecloud.shiyanlou.com/1484966112805.png?imageView2/0/h/300');
/*!40000 ALTER TABLE `course` ENABLE KEYS */;
UNLOCK TABLES;

--
-- Table structure for table `user`
--

DROP TABLE IF EXISTS `user`;
/*!40101 SET @saved_cs_client     = @@character_set_client */;
/*!40101 SET character_set_client = utf8 */;
CREATE TABLE `user` (
  `created_at` datetime DEFAULT NULL,
  `updated_at` datetime DEFAULT NULL,
  `id` int(11) NOT NULL AUTO_INCREMENT,
  `username` varchar(32) NOT NULL,
  `email` varchar(64) DEFAULT NULL,
  `password` varchar(256) NOT NULL,
  `role` smallint(6) DEFAULT NULL,
  `job` varchar(64) DEFAULT NULL,
  PRIMARY KEY (`id`),
  UNIQUE KEY `ix_user_username` (`username`),
  UNIQUE KEY `ix_user_email` (`email`)
) ENGINE=InnoDB AUTO_INCREMENT=5 DEFAULT CHARSET=utf8;
/*!40101 SET character_set_client = @saved_cs_client */;

--
-- Dumping data for table `user`
--

LOCK TABLES `user` WRITE;
/*!40000 ALTER TABLE `user` DISABLE KEYS */;
INSERT INTO `user` VALUES ('2018-01-02 09:41:30','2018-01-02 09:41:30',2,'admin','admin@qq.com','pbkdf2:sha256:50000$UXPN6X0o$de63a5a9b6b3e6d657fc531e037b70d7755b386990936a8bfc495c7d953edcda',30,NULL),('2018-01-02 12:09:31','2018-01-02 12:09:31',3,'Jack Lee','jacklee@example.com','pbkdf2:sha256:50000$0PHrUoSE$6c1d7ac99a7ebccdaf2a795e8e3711ec5ee521b805ce3889b82e95841fe4560e',10,'研发工程师'),('2018-01-03 03:04:55','2018-01-03 03:04:55',4,'shiyanloutest','shiyanloutest@shiyanlou.com','pbkdf2:sha256:50000$GyRnQo2H$02f7cb44d7d2a918034eda078e354083da60c8dcb5b914d2225993b579834b86',10,NULL);
/*!40000 ALTER TABLE `user` ENABLE KEYS */;
UNLOCK TABLES;
/*!40103 SET TIME_ZONE=@OLD_TIME_ZONE */;

/*!40101 SET SQL_MODE=@OLD_SQL_MODE */;
/*!40014 SET FOREIGN_KEY_CHECKS=@OLD_FOREIGN_KEY_CHECKS */;
/*!40014 SET UNIQUE_CHECKS=@OLD_UNIQUE_CHECKS */;
/*!40101 SET CHARACTER_SET_CLIENT=@OLD_CHARACTER_SET_CLIENT */;
/*!40101 SET CHARACTER_SET_RESULTS=@OLD_CHARACTER_SET_RESULTS */;
/*!40101 SET COLLATION_CONNECTION=@OLD_COLLATION_CONNECTION */;
/*!40111 SET SQL_NOTES=@OLD_SQL_NOTES */;

-- Dump completed on 2018-01-03 11:08:16
